group,total,used,train,percentage_train,valid,percentage_valid,test,percentage_test
DNA polymerase inhibitor,540,540,238,0.44074074074074077,59,0.10925925925925926,243,0.45
NFkB pathway inhibitor,1242,1242,475,0.3824476650563607,119,0.09581320450885668,648,0.5217391304347826
[dmso],9000,9000,3888,0.432,972,0.108,4140,0.46
mTOR inhibitor,1620,1620,734,0.45308641975308644,184,0.11358024691358025,702,0.43333333333333335
topoisomerase inhibitor,1674,1674,648,0.3870967741935484,162,0.0967741935483871,864,0.5161290322580645
