group,total,used,train,percentage_train,valid,percentage_valid,test,percentage_test
DNA polymerase inhibitor,936,936,480,0.5128205128205128,120,0.1282051282051282,336,0.358974358974359
negcon_PHB000001,4032,4032,2150,0.533234126984127,538,0.13343253968253968,1344,0.3333333333333333
negcon_PHB000012,1048,1048,557,0.5314885496183206,139,0.13263358778625955,352,0.33587786259541985
topoisomerase inhibitor,1392,1392,749,0.5380747126436781,187,0.1343390804597701,456,0.3275862068965517
