group,total,used,train,percentage_train,valid,percentage_valid,test,percentage_test
DNA polymerase inhibitor,540,540,302,0.5592592592592592,76,0.14074074074074075,162,0.3
NFkB pathway inhibitor,1242,1242,734,0.5909822866344605,184,0.14814814814814814,324,0.2608695652173913
[dmso],9000,9000,5162,0.5735555555555556,1291,0.14344444444444446,2547,0.283
mTOR inhibitor,1620,1620,907,0.5598765432098766,227,0.14012345679012345,486,0.3
topoisomerase inhibitor,1674,1674,950,0.5675029868578255,238,0.14217443249701314,486,0.2903225806451613
