group,total,used,train,percentage_train,valid,percentage_valid,test,percentage_test
DNA polymerase inhibitor,540,540,302,0.5592592592592592,76,0.14074074074074075,162,0.3
NFkB pathway inhibitor,1242,1242,691,0.5563607085346216,173,0.1392914653784219,378,0.30434782608695654
[dmso],9000,9000,5270,0.5855555555555556,1318,0.14644444444444443,2412,0.268
mTOR inhibitor,1620,1620,907,0.5598765432098766,227,0.14012345679012345,486,0.3
topoisomerase inhibitor,1674,1674,1037,0.6194743130227002,259,0.15471923536439666,378,0.22580645161290322
